{
  "timestamp": "2025-08-27T15:16:25.088662",
  "total_documents": 10,
  "overall_metrics": {
    "mean_f1": 0.03333333333333333,
    "mean_precision": 0.03333333333333333,
    "mean_recall": 0.03333333333333333,
    "mean_uncertainty_error": 0.35960000000000003
  },
  "by_complexity": {
    "simple": {
      "count": 3,
      "mean_f1": 0.027777777777777776,
      "mean_precision": 0.027777777777777776,
      "mean_recall": 0.027777777777777776,
      "mean_uncertainty_error": 0.19033333333333333
    },
    "technical": {
      "count": 2,
      "mean_f1": 0.0,
      "mean_precision": 0.0,
      "mean_recall": 0.0,
      "mean_uncertainty_error": 0.6859999999999999
    },
    "ambiguous": {
      "count": 2,
      "mean_f1": 0.0,
      "mean_precision": 0.0,
      "mean_recall": 0.0,
      "mean_uncertainty_error": 0.586
    },
    "noisy": {
      "count": 2,
      "mean_f1": 0.125,
      "mean_precision": 0.125,
      "mean_recall": 0.125,
      "mean_uncertainty_error": 0.08899999999999994
    },
    "mixed": {
      "count": 1,
      "mean_f1": 0.0,
      "mean_precision": 0.0,
      "mean_recall": 0.0,
      "mean_uncertainty_error": 0.303
    }
  }
}